timestamp,source_ip,domain
"2026-04-10 15:02:58",10.42.0.48,relay-cdd029e5.net.anydesk.com
"2026-04-10 15:02:57",10.42.0.48,easylist-downloads.adblockplus.org
"2026-04-10 15:02:57",10.42.0.48,signaler-pa.clients6.google.com
"2026-04-10 15:02:54",10.42.0.48,relay-cdd029e5.net.anydesk.com
"2026-04-10 15:02:53",10.42.0.48,easylist-downloads.adblockplus.org
"2026-04-10 15:02:53",10.42.0.48,signaler-pa.clients6.google.com
"2026-04-10 15:02:51",10.42.0.48,easylist-downloads.adblockplus.org
"2026-04-10 15:02:51",10.42.0.48,signaler-pa.clients6.google.com
"2026-04-10 15:02:50",10.42.0.48,easylist-downloads.adblockplus.org
"2026-04-10 15:02:50",10.42.0.48,easylist-downloads.adblockplus.org
"2026-04-10 15:02:50",10.42.0.48,signaler-pa.clients6.google.com
"2026-04-10 15:02:50",10.42.0.48,signaler-pa.clients6.google.com
"2026-04-10 15:02:50",10.42.0.48,relay-cdd029e5.net.anydesk.com
"2026-04-10 15:02:46",10.42.0.48,beacons.gcp.gvt2.com
"2026-04-10 15:02:46",10.42.0.48,relay-cdd029e5.net.anydesk.com
"2026-04-10 15:02:45",10.42.0.48,stream.pushbullet.com
"2026-04-10 15:02:44",10.42.0.48,relay-cdd029e5.net.anydesk.com
"2026-04-10 15:02:44",10.42.0.48,relay-cdd029e5.net.anydesk.com
"2026-04-10 15:02:43",10.42.0.48,relay-cdd029e5.net.anydesk.com
"2026-04-10 15:02:42",10.42.0.48,beacons.gcp.gvt2.com
"2026-04-10 15:02:41",10.42.0.48,stream.pushbullet.com
"2026-04-10 15:02:40",10.42.0.48,beacons.gcp.gvt2.com
"2026-04-10 15:02:39",10.42.0.48,beacons.gcp.gvt2.com
"2026-04-10 15:02:39",10.42.0.48,beacons.gcp.gvt2.com
"2026-04-10 15:02:39",10.42.0.48,stream.pushbullet.com
"2026-04-10 15:02:38",10.42.0.48,stream.pushbullet.com
"2026-04-10 15:02:38",10.42.0.48,stream.pushbullet.com
"2026-04-10 15:02:35",10.42.0.48,mobile.events.data.microsoft.com
"2026-04-10 15:02:31",10.42.0.48,mobile.events.data.microsoft.com
"2026-04-10 15:02:29",10.42.0.48,mobile.events.data.microsoft.com
"2026-04-10 15:02:28",10.42.0.48,mobile.events.data.microsoft.com
"2026-04-10 15:02:27",10.42.0.48,mobile.events.data.microsoft.com
"2026-04-10 15:02:19",10.42.0.48,beacons.gcp.gvt2.com
"2026-04-10 15:02:11",10.42.0.48,fls-eu.amazon.in
"2026-04-10 15:02:11",10.42.0.48,fls-eu.amazon.in
"2026-04-10 15:02:07",10.42.0.48,siescms-my.sharepoint.com
"2026-04-10 15:01:58",10.42.0.48,www.google.com
"2026-04-10 15:01:58",10.42.0.48,www.google.com
"2026-04-10 15:01:47",10.42.0.48,analytics.google.com
"2026-04-10 15:01:47",10.42.0.48,analytics.google.com
"2026-04-10 15:01:46",10.42.0.48,qjmnz4vd2y07.statuspage.io
"2026-04-10 15:01:46",10.42.0.48,qjmnz4vd2y07.statuspage.io
"2026-04-10 15:01:33",10.42.0.48,unagi.amazon.in
"2026-04-10 15:01:33",10.42.0.48,unagi.amazon.in
"2026-04-10 15:01:29",10.42.0.48,www.google-analytics.com
"2026-04-10 15:01:29",10.42.0.48,www.google-analytics.com
"2026-04-10 15:01:21",10.42.0.48,api.onedrive.com
"2026-04-10 15:01:20",10.42.0.48,api.onedrive.com
"2026-04-10 15:01:18",10.42.0.48,github.com
"2026-04-10 15:01:07",10.42.0.48,v10.events.data.microsoft.com
"2026-04-10 15:01:07",10.42.0.48,v10.events.data.microsoft.com
"2026-04-10 15:00:48",10.42.0.48,www.google.com
"2026-04-10 15:00:42",10.42.0.48,qjmnz4vd2y07.statuspage.io
"2026-04-10 15:00:11",10.42.0.48,tzm.protechts.net
"2026-04-10 15:00:11",10.42.0.48,tzm.protechts.net
"2026-04-10 15:00:11",10.42.0.48,fls-eu.amazon.in
"2026-04-10 15:00:01",10.42.0.48,gemini.google.com
"2026-04-10 15:00:01",10.42.0.48,gemini.google.com
"2026-04-10 15:00:00",10.42.0.48,clients4.google.com
"2026-04-10 15:00:00",10.42.0.48,oauthaccountmanager.googleapis.com
"2026-04-10 14:59:58",10.42.0.48,google.com
"2026-04-10 14:59:46",10.42.0.48,heapanalytics.com
"2026-04-10 14:59:45",10.42.0.48,cdn.segment.com
"2026-04-10 14:59:45",10.42.0.48,cdn.segment.com
"2026-04-10 14:59:45",10.42.0.48,www.notion.so
"2026-04-10 14:59:45",10.42.0.48,www.notion.so
"2026-04-10 14:59:45",10.42.0.48,stats.g.doubleclick.net
"2026-04-10 14:59:45",10.42.0.48,stats.g.doubleclick.net
"2026-04-10 14:59:45",10.42.0.48,cdn.heapanalytics.com
"2026-04-10 14:59:45",10.42.0.48,cdn.heapanalytics.com
"2026-04-10 14:59:44",10.42.0.48,www.streamlitstatus.com
"2026-04-10 14:59:44",10.42.0.48,safebrowsing.google.com
"2026-04-10 14:59:44",10.42.0.48,honeypot-idps-mproject.streamlit.app
"2026-04-10 14:59:44",10.42.0.48,www.streamlitstatus.com
"2026-04-10 14:59:44",10.42.0.48,safebrowsing.google.com
"2026-04-10 14:59:42",10.42.0.48,www.bing.com
"2026-04-10 14:59:41",10.42.0.48,dual-s-ring.msedge.net
"2026-04-10 14:59:41",10.42.0.48,fp.msedge.net
"2026-04-10 14:59:41",10.42.0.48,fp.msedge.net
"2026-04-10 14:59:40",10.42.0.48,arc-ring.msedge.net
"2026-04-10 14:59:40",10.42.0.48,s-ring.msedge.net
"2026-04-10 14:59:11",10.42.0.48,qjmnz4vd2y07.statuspage.io
"2026-04-10 14:59:11",10.42.0.48,qjmnz4vd2y07.statuspage.io
"2026-04-10 14:59:11",10.42.0.48,unagi.amazon.in
"2026-04-10 14:59:11",10.42.0.48,www.youtube.com
"2026-04-10 14:59:07",10.42.0.48,www.linkedin.com
"2026-04-10 14:59:07",10.42.0.48,www.linkedin.com
"2026-04-10 14:59:01",10.42.0.48,api.github.com
"2026-04-10 14:59:01",10.42.0.48,api.github.com
"2026-04-10 14:58:43",10.42.0.48,beacons.gcp.gvt2.com
"2026-04-10 14:58:18",10.42.0.48,github.com
"2026-04-10 14:58:11",10.42.0.48,fls-eu.amazon.in
"2026-04-10 14:58:11",10.42.0.48,fls-eu.amazon.in
"2026-04-10 14:58:10",10.42.0.48,crl.anydesk.com
"2026-04-10 14:58:10",10.42.0.48,crl.anydesk.com
"2026-04-10 14:58:05",10.42.0.48,qjmnz4vd2y07.statuspage.io
"2026-04-10 14:57:56",10.42.0.48,substrate.office.com
"2026-04-10 14:57:56",10.42.0.48,substrate.office.com
"2026-04-10 14:57:49",10.42.0.48,1.0.42.10.in-addr.arpa
"2026-04-10 14:57:42",10.42.0.48,www.google-analytics.com
